{"metadata":{"asset_id":"0d2c9b78-358f-43a3-ad7d-bda5eaa2fc1c","asset_attributes":["notebook"],"name":"IBM Data Science  Capstone copy","asset_type":"notebook","created_at":"2022-08-26T09:49:11Z","description":"","origin_country":"us","owner_id":"IBMid-664003F44R","project_id":"7f8616da-027f-47ee-800c-021d4ba17ea0","size":487077,"tags":["notebook"],"usage":{"last_update_time":1661507358896,"last_updated_at":"2022-08-26T09:49:18Z"}},"entity":{"notebook":{"kernel":{"name":"python3","display_name":"Python 3.9","language":"python"},"originates_from":{"type":"notebook","guid":"902e89df-3907-4272-91e4-2775aebdcc49"},"runtime":{"environment":"conda2rt221-7f8616da-027f-47ee-800c-021d4ba17ea0"}},"location_definition":{"physical_location_code":"DAL","physical_location_code_assigned_by":"IBMid-664003F44R","physical_location_code_rds_id":"c57cb90f-2126-3800-9c9f-9eab82021cdf","physical_location_code_rds_version":"00002022-0822-4101-8119-549958000000_2","physical_location_code_assignment_method":"INFERRED","physical_location_code_added_on":"1661507358892"}},"attachments":[{"id":"9e3eb680-aab0-476f-9984-971ae58fa166","version":2,"asset_type":"notebook","name":"attachment for notebook 0d2c9b78-358f-43a3-ad7d-bda5eaa2fc1c","description":"attachment for notebook 0d2c9b78-358f-43a3-ad7d-bda5eaa2fc1c","mime":"application/json","datasource_type":"193a97c1-4475-4a19-b90c-295c4fdc6517","object_key":"notebook/IBM_Data_Science__Capstone_copy_kbcbMIflN.ipynb","creator_id":"IBMid-664003F44R","create_time":1661507358894,"size":487077,"is_remote":false,"is_managed":false,"is_referenced":true,"is_object_key_read_only":false,"is_user_provided_path_key":true,"transfer_complete":true,"is_partitioned":false,"complete_time_ticks":1661507358894,"user_data":{},"test_doc":0,"handle":{"bucket":"pythonbasicsfordatascienceproject-donotdelete-pr-lwln9dg12agxcc","location":"us-geo","type":"bluemix_cos","key":"notebook/IBM_Data_Science__Capstone_copy_kbcbMIflN.ipynb","upload_id":"done","max_part_num":1},"usage":{"access_count":0,"last_accessor_id":"IBMid-664003F44R","last_access_time":1661507358894}}]}
