{"metadata":{"asset_id":"e6b1e589-fb3b-49aa-8ef4-91d21be0be2b","asset_attributes":["notebook"],"name":"IBM Data Science  Capstone - EDA with SQL lab copy","asset_type":"notebook","created_at":"2022-08-26T09:49:04Z","description":"","origin_country":"us","owner_id":"IBMid-664003F44R","project_id":"7f8616da-027f-47ee-800c-021d4ba17ea0","size":26835,"tags":["notebook"],"usage":{"last_update_time":1661507346710,"last_updated_at":"2022-08-26T09:49:06Z"}},"entity":{"notebook":{"kernel":{"name":"python3","display_name":"Python 3.9","language":"python"},"originates_from":{"type":"notebook","guid":"9c8620cf-f683-4fc8-a0bf-414886af3455"},"runtime":{"environment":"conda2rt221-7f8616da-027f-47ee-800c-021d4ba17ea0"}},"location_definition":{"physical_location_code":"DAL","physical_location_code_assigned_by":"IBMid-664003F44R","physical_location_code_rds_id":"c57cb90f-2126-3800-9c9f-9eab82021cdf","physical_location_code_rds_version":"00002022-0822-4101-8119-549958000000_2","physical_location_code_assignment_method":"INFERRED","physical_location_code_added_on":"1661507346709"}},"attachments":[{"id":"b7b91699-0015-4174-a6f8-3fd2b18447f5","version":2,"asset_type":"notebook","name":"attachment for notebook e6b1e589-fb3b-49aa-8ef4-91d21be0be2b","description":"attachment for notebook e6b1e589-fb3b-49aa-8ef4-91d21be0be2b","mime":"application/json","datasource_type":"193a97c1-4475-4a19-b90c-295c4fdc6517","object_key":"notebook/IBM_Data_Science__Capstone_-_EDA_with_SQL_lab_copy_WeZd-58Vw.ipynb","creator_id":"IBMid-664003F44R","create_time":1661507346710,"size":26835,"is_remote":false,"is_managed":false,"is_referenced":true,"is_object_key_read_only":false,"is_user_provided_path_key":true,"transfer_complete":true,"is_partitioned":false,"complete_time_ticks":1661507346710,"user_data":{},"test_doc":0,"handle":{"bucket":"pythonbasicsfordatascienceproject-donotdelete-pr-lwln9dg12agxcc","location":"us-geo","type":"bluemix_cos","key":"notebook/IBM_Data_Science__Capstone_-_EDA_with_SQL_lab_copy_WeZd-58Vw.ipynb","upload_id":"done","max_part_num":1},"usage":{"access_count":0,"last_accessor_id":"IBMid-664003F44R","last_access_time":1661507346710}}]}
