{"metadata":{"asset_id":"a17ff762-6e84-4542-a5d3-9176ce6dac10","asset_attributes":["notebook"],"name":"Applied Data Science Capstone - W4 PredictAnalysis copy","asset_type":"notebook","created_at":"2022-08-26T09:48:08Z","description":"","origin_country":"us","owner_id":"IBMid-664003F44R","project_id":"7f8616da-027f-47ee-800c-021d4ba17ea0","size":80849,"tags":["notebook"],"usage":{"last_update_time":1661507289411,"last_updated_at":"2022-08-26T09:48:09Z"}},"entity":{"notebook":{"kernel":{"name":"python3","display_name":"Python 3.9","language":"python"},"originates_from":{"type":"notebook","guid":"0d7ec926-988b-474c-966e-355b61d55676"},"runtime":{"environment":"conda2rt221-7f8616da-027f-47ee-800c-021d4ba17ea0"}},"location_definition":{"physical_location_code":"DAL","physical_location_code_assigned_by":"IBMid-664003F44R","physical_location_code_rds_id":"c57cb90f-2126-3800-9c9f-9eab82021cdf","physical_location_code_rds_version":"00002022-0822-4101-8119-549958000000_2","physical_location_code_assignment_method":"INFERRED","physical_location_code_added_on":"1661507289409"}},"attachments":[{"id":"5d3eb52d-d108-46a0-88b9-d3fe81be9460","version":2,"asset_type":"notebook","name":"attachment for notebook a17ff762-6e84-4542-a5d3-9176ce6dac10","description":"attachment for notebook a17ff762-6e84-4542-a5d3-9176ce6dac10","mime":"application/json","datasource_type":"193a97c1-4475-4a19-b90c-295c4fdc6517","object_key":"notebook/Applied_Data_Science_Capstone_-_W4_PredictAnalysis_copy_rdgHJWOtJ.ipynb","creator_id":"IBMid-664003F44R","create_time":1661507289410,"size":80849,"is_remote":false,"is_managed":false,"is_referenced":true,"is_object_key_read_only":false,"is_user_provided_path_key":true,"transfer_complete":true,"is_partitioned":false,"complete_time_ticks":1661507289410,"user_data":{},"test_doc":0,"handle":{"bucket":"pythonbasicsfordatascienceproject-donotdelete-pr-lwln9dg12agxcc","location":"us-geo","type":"bluemix_cos","key":"notebook/Applied_Data_Science_Capstone_-_W4_PredictAnalysis_copy_rdgHJWOtJ.ipynb","upload_id":"done","max_part_num":1},"usage":{"access_count":0,"last_accessor_id":"IBMid-664003F44R","last_access_time":1661507289410}}]}
