{"metadata":{"asset_id":"6274a6fe-b5fa-4b06-9f11-0c445ee19388","asset_attributes":["notebook"],"name":"Applied Data Science Capstone - W3 Dash copy","asset_type":"notebook","created_at":"2022-08-26T09:49:00Z","description":"","origin_country":"us","owner_id":"IBMid-664003F44R","project_id":"7f8616da-027f-47ee-800c-021d4ba17ea0","size":364117,"tags":["notebook"],"usage":{"last_update_time":1661507343188,"last_updated_at":"2022-08-26T09:49:03Z"}},"entity":{"notebook":{"kernel":{"name":"python3","display_name":"Python 3.9","language":"python"},"originates_from":{"type":"notebook","guid":"a06323e1-9f45-4bfe-b202-8e23cddc330c"},"runtime":{"environment":"conda2rt221-7f8616da-027f-47ee-800c-021d4ba17ea0"}},"location_definition":{"physical_location_code":"DAL","physical_location_code_assigned_by":"IBMid-664003F44R","physical_location_code_rds_id":"c57cb90f-2126-3800-9c9f-9eab82021cdf","physical_location_code_rds_version":"00002022-0822-4101-8119-549958000000_2","physical_location_code_assignment_method":"INFERRED","physical_location_code_added_on":"1661507343184"}},"attachments":[{"id":"c25f63c3-cfa3-41bc-ad50-f468aca4fdda","version":2,"asset_type":"notebook","name":"attachment for notebook 6274a6fe-b5fa-4b06-9f11-0c445ee19388","description":"attachment for notebook 6274a6fe-b5fa-4b06-9f11-0c445ee19388","mime":"application/json","datasource_type":"193a97c1-4475-4a19-b90c-295c4fdc6517","object_key":"notebook/Applied_Data_Science_Capstone_-_W3_Dash_copy_DGWiOecnd.ipynb","creator_id":"IBMid-664003F44R","create_time":1661507343186,"size":364117,"is_remote":false,"is_managed":false,"is_referenced":true,"is_object_key_read_only":false,"is_user_provided_path_key":true,"transfer_complete":true,"is_partitioned":false,"complete_time_ticks":1661507343186,"user_data":{},"test_doc":0,"handle":{"bucket":"pythonbasicsfordatascienceproject-donotdelete-pr-lwln9dg12agxcc","location":"us-geo","type":"bluemix_cos","key":"notebook/Applied_Data_Science_Capstone_-_W3_Dash_copy_DGWiOecnd.ipynb","upload_id":"done","max_part_num":1},"usage":{"access_count":0,"last_accessor_id":"IBMid-664003F44R","last_access_time":1661507343186}}]}
