{"metadata":{"asset_id":"0ec8376a-a818-408b-9a05-bc7293ac8392","asset_attributes":["notebook"],"name":"IBM Data Science  Capstone - Lab 2 Data Wrangling copy","asset_type":"notebook","created_at":"2022-08-26T09:49:08Z","description":"","origin_country":"us","owner_id":"IBMid-664003F44R","project_id":"7f8616da-027f-47ee-800c-021d4ba17ea0","size":33476,"tags":["notebook"],"usage":{"last_update_time":1661507349589,"last_updated_at":"2022-08-26T09:49:09Z"}},"entity":{"notebook":{"kernel":{"name":"python3","display_name":"Python 3.9","language":"python"},"originates_from":{"type":"notebook","guid":"7e0f0b44-0284-4c5f-b121-3e11c9b9d798"},"runtime":{"environment":"conda2rt221-7f8616da-027f-47ee-800c-021d4ba17ea0"}},"location_definition":{"physical_location_code":"DAL","physical_location_code_assigned_by":"IBMid-664003F44R","physical_location_code_rds_id":"c57cb90f-2126-3800-9c9f-9eab82021cdf","physical_location_code_rds_version":"00002022-0822-4101-8119-549958000000_2","physical_location_code_assignment_method":"INFERRED","physical_location_code_added_on":"1661507349588"}},"attachments":[{"id":"64a29b90-bffb-41df-8584-9ea4ef028955","version":2,"asset_type":"notebook","name":"attachment for notebook 0ec8376a-a818-408b-9a05-bc7293ac8392","description":"attachment for notebook 0ec8376a-a818-408b-9a05-bc7293ac8392","mime":"application/json","datasource_type":"193a97c1-4475-4a19-b90c-295c4fdc6517","object_key":"notebook/IBM_Data_Science__Capstone_-_Lab_2_Data_Wrangling_copy_b6Ee-6x22.ipynb","creator_id":"IBMid-664003F44R","create_time":1661507349589,"size":33476,"is_remote":false,"is_managed":false,"is_referenced":true,"is_object_key_read_only":false,"is_user_provided_path_key":true,"transfer_complete":true,"is_partitioned":false,"complete_time_ticks":1661507349589,"user_data":{},"test_doc":0,"handle":{"bucket":"pythonbasicsfordatascienceproject-donotdelete-pr-lwln9dg12agxcc","location":"us-geo","type":"bluemix_cos","key":"notebook/IBM_Data_Science__Capstone_-_Lab_2_Data_Wrangling_copy_b6Ee-6x22.ipynb","upload_id":"done","max_part_num":1},"usage":{"access_count":0,"last_accessor_id":"IBMid-664003F44R","last_access_time":1661507349589}}]}
